{
  "hash": "765940d3",
  "configHash": "0310f2a4",
  "lockfileHash": "f37dfec7",
  "browserHash": "86258c26",
  "optimized": {
    "@angular/core": {
      "src": "../../../../../../node_modules/@angular/core/fesm2022/core.mjs",
      "file": "@angular_core.js",
      "fileHash": "7a36609c",
      "needsInterop": false
    },
    "@angular/platform-browser": {
      "src": "../../../../../../node_modules/@angular/platform-browser/fesm2022/platform-browser.mjs",
      "file": "@angular_platform-browser.js",
      "fileHash": "fd4da50d",
      "needsInterop": false
    },
    "@angular/platform-server": {
      "src": "../../../../../../node_modules/@angular/platform-server/fesm2022/platform-server.mjs",
      "file": "@angular_platform-server.js",
      "fileHash": "a81acca3",
      "needsInterop": false
    },
    "@angular/router": {
      "src": "../../../../../../node_modules/@angular/router/fesm2022/router.mjs",
      "file": "@angular_router.js",
      "fileHash": "3a88d42e",
      "needsInterop": false
    },
    "@angular/ssr": {
      "src": "../../../../../../node_modules/@angular/ssr/fesm2022/ssr.mjs",
      "file": "@angular_ssr.js",
      "fileHash": "967512c2",
      "needsInterop": false
    },
    "@angular/ssr/node": {
      "src": "../../../../../../node_modules/@angular/ssr/fesm2022/node.mjs",
      "file": "@angular_ssr_node.js",
      "fileHash": "b15a8399",
      "needsInterop": false
    },
    "express": {
      "src": "../../../../../../node_modules/express/index.js",
      "file": "express.js",
      "fileHash": "24d41892",
      "needsInterop": true
    }
  },
  "chunks": {
    "chunk-HXIVUXL4": {
      "file": "chunk-HXIVUXL4.js"
    },
    "chunk-ZN6DQK3E": {
      "file": "chunk-ZN6DQK3E.js"
    },
    "chunk-T7OWHGMY": {
      "file": "chunk-T7OWHGMY.js"
    },
    "chunk-XOUNVIIB": {
      "file": "chunk-XOUNVIIB.js"
    },
    "chunk-QPSQRP52": {
      "file": "chunk-QPSQRP52.js"
    },
    "xhr2-TXIMV6CV": {
      "file": "xhr2-TXIMV6CV.js"
    },
    "chunk-YHCV7DAQ": {
      "file": "chunk-YHCV7DAQ.js"
    }
  }
}