{
  "hash": "92f670e5",
  "configHash": "d5fe7304",
  "lockfileHash": "f37dfec7",
  "browserHash": "bc45fe9a",
  "optimized": {
    "@angular/core": {
      "src": "../../../../../../node_modules/@angular/core/fesm2022/core.mjs",
      "file": "@angular_core.js",
      "fileHash": "272cd4d5",
      "needsInterop": false
    },
    "@angular/platform-browser": {
      "src": "../../../../../../node_modules/@angular/platform-browser/fesm2022/platform-browser.mjs",
      "file": "@angular_platform-browser.js",
      "fileHash": "e1ab20e8",
      "needsInterop": false
    },
    "@angular/router": {
      "src": "../../../../../../node_modules/@angular/router/fesm2022/router.mjs",
      "file": "@angular_router.js",
      "fileHash": "3a8484e8",
      "needsInterop": false
    }
  },
  "chunks": {
    "chunk-TUBEI5TF": {
      "file": "chunk-TUBEI5TF.js"
    },
    "chunk-3QOFSQBY": {
      "file": "chunk-3QOFSQBY.js"
    }
  }
}